<?xml version="1.0" encoding="UTF-8"?>
<project-private xmlns="http://www.netbeans.org/ns/project-private/1">
    <editor-bookmarks xmlns="http://www.netbeans.org/ns/editor-bookmarks/2" lastBookmarkId="0"/>
    <open-files xmlns="http://www.netbeans.org/ns/projectui-open-files/2">
        <group>
            <file>file:/C:/Users/yosaf/Desktop/4%20Semestre/Analisis%20de%20Algoritmos/MultiplicarMatrices/src/MultiplicacionStrassen/ProbadorDeStrassen.java</file>
            <file>file:/C:/Users/yosaf/Desktop/4%20Semestre/Analisis%20de%20Algoritmos/MultiplicarMatrices/src/MultiplicacionStrassen/Strassen.java</file>
        </group>
    </open-files>
</project-private>
