<?xml version="1.0" encoding="UTF-8"?>
<!DOCTYPE ANUARIO SYSTEM "idref.dtd">
<ANUARIO>
	<PERSONA ID="ESTUDIANTE-01">Susana Distancia</PERSONA>
	<PERSONA ID="ESTUDIANTE-02">Marcia Ana</PERSONA>
	<PERSONA ID="ESTUDIANTE-03">Zacarias Flores</PERSONA>
	<PERSONA ID="ESTUDIANTE-04">Zoyla Mesa</PERSONA>
	
	<FOTO PERSONA="ESTUDIANTE-01">Aqui va una url de foto</FOTO>
	<FOTO PERSONA="ESTUDIANTE-02">Aqui va una url de foto</FOTO>
	<FOTO PERSONA="ESTUDIANTE-03">Aqui va una url de foto</FOTO>
	<FOTO PERSONA="ESTUDIANTE-04">Aqui va una url de foto</FOTO>
</ANUARIO>
